{
  "740": 58464,
  "Tanki_Online_Wiki": 64339,
  "Wiki_reports": 64564,
  "Lobby": 62419,
  "Tank_Controls": 64233,
  "How_to_start": 62501,
  "Garage": 61129,
  "Settings": 62029,
  "Battle_Interface": 64543,
  "Battle": 64552,
  "Help": 63905,
  "Tech_Support": 62110,
  "Payment_instructions_for_Tanki_Online_Mobile": 59631,
  "Bonus_For_Returning": 62649,
  "Account_security": 64546,
  "Game_mechanics": 58982,
  "Questions_Answered_by_the_Developers": 62769,
  "Turrets": 64417,
  "Freeze": 64500,
  "Isida": 64502,
  "Firebird": 64498,
  "Twins": 64509,
  "Ricochet": 64511,
  "Tesla": 64504,
  "Hammer": 64507,
  "Vulcan": 64515,
  "Magnum": 64523,
  "Scorpion": 64519,
  "Smoky": 64393,
  "Striker": 64513,
  "Gauss": 64525,
  "Railgun": 64521,
  "Thunder": 64517,
  "B0-NK": 64529,
  "Tomato_Gun": 64531,
  "Snowman": 64530,
  "Terminator": 64528,
  "Hulls": 63911,
  "Hornet": 64533,
  "Wasp": 64532,
  "Shaft": 64527,
  "Crusader": 64536,
  "Titan": 64540,
  "Hopper": 64534,
  "Paladin": 64538,
  "Hunter": 64537,
  "Viking": 64535,
  "Ares": 64541,
  "Dictator": 64539,
  "Oracle": 63761,
  "Drones": 64438,
  "Brutus": 63746,
  "Mechanic": 64103,
  "Juggernaut": 64414,
  "Saboteur": 63701,
  "Modules": 64505,
  "Mammoth": 64542,
  "Grenade": 64484,
  "Trickster": 63719,
  "Crisis": 64455,
  "Defender": 63715,
  "Booster": 63717,
  "Hyperion": 64439,
  "Augments": 64348,
  "Gear_Score": 64220,
  "Status_Effects": 60606,
  "Spawn_Immunity": 62374,
  "Modifications": 64416,
  "Damage": 64424,
  "Shot_Effects": 61407,
  "Skins": 64448,
  "Paints": 64573,
  "Electromagnetic_Pulse_(EMP)": 58874,
  "Supercharge": 59905,
  "Jammer": 59277,
  "Armor-Piercing_(AP)": 58538,
  "Freezing": 63887,
  "Stun": 61466,
  "Polarizer": 61256,
  "Burning": 63886,
  "Self-Destruction": 62375,
  "Supplies": 64317,
  "Shop": 63980,
  "PRO_Battles": 64117,
  "Matchmaking_System": 64464,
  "Maps": 64332,
  "Premium_Accounts": 63923,
  "Game_Currencies": 64181,
  "Challenges": 64343,
  "Promo_Codes": 63977,
  "Containers": 64466,
  "Gold_Box": 64154,
  "Ranks": 63571,
  "Missions": 64187,
  "Tanki_Classic": 63982,
  "Referral_System": 63541,
  "Groups": 64479,
  "Friends_system": 64309,
  "Ratings_and_Statistics": 59705,
  "Community": 60164,
  "Chat": 64560,
  "Paints_«Tanki_Classic»": 63958,
  "ESports": 58852,
  "Clan_system": 62215,
  "Forum": 58955,
  "Youtuber_TO_Program": 63737,
  "Museum": 59544,
  "Assistants_of_administration": 63902,
  "Parkour": 64375,
  "History_of_the_Game": 64164,
  "Creating_Fan_Content_Guide": 64161,
  "Rubies": 64192,
  "Legal_Questions_and_Answers": 59308,
  "Crystals": 63909,
  "About_the_game": 62842,
  "Medal_of_Merit": 63016,
  "Experience": 63288,
  "Secret_Rooms": 64075,
  "Warrant_Officer_1": 60095,
  "Private": 64558,
  "Gefreiter": 64559,
  "Tankoins": 62676,
  "Passes": 62428,
  "Rugby": 62514,
  "Capture_the_Flag": 62512,
  "Overdrives": 63900,
  "Problems_with_Keyboard": 59678,
  "Changing_equipment_in_battle": 58704,
  "Changing_Equipment": 58703,
  "Discounts": 58828,
  "Team_Deathmatch": 62511,
  "Battle_modes": 64459,
  "Upgrades": 63476,
  "Radar_Field": 60440,
  "Twitch_Drops": 61479,
  "Indication_of_parameters": 59251,
  "Two-factor_authentication_(2FA)": 60035,
  "Madness": 64168,
  "Tanki_Online_Mobile": 59939,
  "Dictionary_for_players": 60165,
  "Control_Points": 62705,
  "Siege": 59811,
  "Solo_Juggernaut": 61322,
  "Temperature": 63843,
  "Arms_Race": 61765,
  "Siege_Mode": 64110,
  "Assault_(battle_mode)": 64050,
  "Team_Juggernaut": 63593,
  "Critical_Damage": 61409,
  "Technical_Support": 60735,
  "Staff_Sergeant": 64568,
  "Frequently_Asked_Questions": 63981,
  "Chat_moderators": 60730,
  "Account": 61648,
  "Moderation_System": 62780,
  "Reputation_Points": 63429,
  "Format_Battles": 63777,
  "Product_kits": 59682,
  "Achievements": 58471,
  "Bomb": 64486,
  "Showcase": 62331,
  "Early_Access": 63124,
  "Warrant_Officer_2": 60096,
  "Sergeant-Major": 59790,
  "Master_Corporal": 64566,
  "Freeze_guide": 64324,
  "Micro-upgrades_Freeze": 63845,
  "Guides_for_Turrets_and_Hulls": 64006,
  "Turrets_Before_the_Rebalance": 62580,
  "Lieutenant_General": 59314,
  "Marshal": 59368,
  "First_Lieutenant": 58920,
  "Brigadier": 58649,
  "Warrant_Officer_5": 60099,
  "Major": 59356,
  "Second_Lieutenant": 59781,
  "Lieutenant_Colonel": 59313,
  "Warrant_Officer_3": 60097,
  "Colonel": 58735,
  "Third_Lieutenant": 60002,
  "Master_Sergeant": 64569,
  "Sergeant": 64567,
  "Corporal": 64561,
  "Isida_guide": 60302,
  "Micro-upgrades_Isida": 63846,
  "Warrant_Officer_4": 60098,
  "First_Sergeant": 58923,
  "Captain": 58677,
  "Micro-upgrades_Ricochet": 63891,
  "Firebird_guide": 58918,
  "Micro-upgrades_Twins": 63890,
  "Twins_guide": 60033,
  "Micro-upgrades_Firebird": 63888,
  "Major_General": 59357,
  "Micro-upgrades_Vulcan": 63893,
  "Tesla_guide": 59985,
  "Hammer_guide": 59145,
  "Micro-upgrades_Tesla": 63848,
  "Micro-upgrades_Hammer": 63889,
  "Vulcan_guide": 61405,
  "Ricochet_guide": 59740,
  "Micro-upgrades_Striker": 63854,
  "Micro-upgrades_Magnum": 63857,
  "Micro-upgrades_Smoky": 63892,
  "Magnum_guide": 59354,
  "Striker_guide": 59897,
  "Scorpion_guide": 59776,
  "Smoky_guide": 59832,
  "Micro-upgrades_Scorpion": 63856,
  "Micro-upgrades_B0-NK": 59398,
  "Micro-upgrades_Thunder": 63855,
  "Railgun_guide": 59699,
  "B0-NK_guide": 58574,
  "Micro-upgrades_Railgun": 63894,
  "Thunder_guide": 60005,
  "Gauss_guide": 58988,
  "Micro-upgrades_Gauss": 63895,
  "Recruit": 64557,
  "Micro-upgrades_Hornet": 63862,
  "Hornet_guide": 59186,
  "Micro-upgrades_Snowman": 59418,
  "Micro-upgrades_Terminator": 63897,
  "Terminator_guide": 59983,
  "Snowman_guide": 59836,
  "Hulls_Before_the_Rebalance": 62579,
  "Micro-upgrades_Titan": 63870,
  "Micro-upgrades_Wasp": 63861,
  "Micro-upgrades_Crusader": 63867,
  "Wasp_guide": 60101,
  "Crusader_guide": 58774,
  "Micro-upgrades_Shaft": 63896,
  "Titan_guide": 60011,
  "Shaft_guide": 62724,
  "Video_Blogs": 64341,
  "Hopper_guide": 59184,
  "Micro-upgrades_Paladin": 63864,
  "Micro-upgrades_Hunter": 63866,
  "Micro-upgrades_Hopper": 63898,
  "Paladin_guide": 59617,
  "Hunter_guide": 59219,
  "Dic-Rail": 58819,
  "Micro-upgrades_Viking": 63865,
  "Micro-upgrades_Dictator": 63868,
  "Ares_guide": 58536,
  "Micro-upgrades_Ares": 63899,
  "Viking_guide": 60069,
  "Dictator_guide": 61161,
  "Micro-upgrades_of_Drones": 62589,
  "Calculation_of_compensation_for_the_removal_of_drones": 58665,
  "Fieldmarshal": 58911,
  "Legend": 64451,
  "Blaster": 58627,
  "Trooper": 63744,
  "Driver": 58839,
  "Assault_(drone)": 58542,
  "Sprinter": 59868,
  "Lifeguard": 63740,
  "Camper": 63741,
  "Engineer_(drone)": 63745,
  "Supplier": 63743,
  "Miner": 63742,
  "Micro-upgrades_Juggernaut": 63872,
  "Juggernaut_guide": 59284,
  "Archive_Modules": 63969,
  "Helper": 59158,
  "General": 58994,
  "Impulse": 59231,
  "Micro-upgrades_of_Modules": 59500,
  "Commander": 58738,
  "History_of_Tanki_Funds": 64325,
  "Silver": 59818,
  "Champion": 58694,
  "Prism": 59674,
  "Generalissimo": 64441,
  "Acid": 58472,
  "Lord": 59335,
  "Sidlob": 59810,
  "Bronze": 58653,
  "Micro-upgrades_Mammoth": 63871,
  "Special_Events": 59854,
  "Micro-upgrades_Tsar": 64483,
  "Micro-upgrades_Mortar": 64481,
  "Micro-upgrades_Salyut": 64494,
  "Micro-upgrades_Pumpkin": 63876,
  "Micro-upgrades_Bomb": 64491,
  "Micro-upgrades_Snowball": 63877,
  "Mammoth_guide": 59359,
  "HTML5_Client_Installation_Guide": 59140,
  "History_of_Annual_Sales": 64210,
  "Salyut": 64493,
  "Pumpkin": 63907,
  "Mortar": 64492,
  "Snowball": 64495,
  "Deathmatch": 64460,
  "Tsar": 64496,
  "Abstract_Lines": 58468,
  "Africa": 58480,
  "Holiday": 59178,
  "Server_Connection_Diagnostics": 59793,
  "Global_update_of_game_balance_for_Tanki_Online": 59012,
  "Smoky_XT": 60594,
  "Augments_for_Railgun": 64363,
  "Football_Frenzy": 63146,
  "Alien": 58485,
  "Apple": 58521,
  "Atom": 58547,
  "Aquamarine": 58523,
  "Barber_Shop": 58582,
  "Arachnid": 58524,
  "Amber": 58513,
  "Azure": 58571,
  "Breeze": 58644,
  "Calm": 58666,
  "Blue": 58629,
  "Black": 58622,
  "Blue_Square": 58631,
  "Carbon": 58679,
  "Blacksmith": 58625,
  "Blueness": 58634,
  "Cherry": 58715,
  "Cedar": 58683,
  "Clay": 58729,
  "Confetti": 58742,
  "Chainmail": 58684,
  "Coral": 58756,
  "Condensed_Milk": 58741,
  "Corrosion": 58758,
  "Desert": 58798,
  "Disco": 58826,
  "Dragon": 58837,
  "E236": 58850,
  "Digital": 58823,
  "Dirty": 58825,
  "Domino": 58834,
  "Drought": 58842,
  "Eternity": 58884,
  "Electra": 58870,
  "Fire_Dragon": 58913,
  "First_Love": 58921,
  "Emerald": 58876,
  "Flora": 58929,
  "Feathers": 58908,
  "Forester": 58950,
  "Gold": 59018,
  "Glitch": 59011,
  "Graffiti": 59031,
  "Fracture": 58959,
  "Frost": 58971,
  "Fuchsia": 58972,
  "Grasslands": 59033,
  "Golden_Star": 59028,
  "Hallucination": 59143,
  "Hypercube": 59220,
  "Gucciflage": 59047,
  "Hive": 59175,
  "Harlequin": 59147,
  "Guerrilla": 59048,
  "Hohloma": 59176,
  "Green": 59036,
  "Invader": 59259,
  "In_Love": 59232,
  "Kaleidoscope": 59286,
  "Jeans": 59279,
  "Jade": 59274,
  "Jaguar": 59276,
  "Irbis": 59264,
  "Inferno": 59254,
  "Lava": 59302,
  "Loam": 59329,
  "Lotus": 59340,
  "Kungur_Ice_Cave": 59296,
  "Lead": 59306,
  "Lollipop": 59333,
  "Lime": 59323,
  "Liquid_Metal": 59326,
  "Lumberjack": 59344,
  "Megapolis": 59390,
  "Magma": 59351,
  "Marine": 59364,
  "Maroon": 59365,
  "Lunar_Soil": 59345,
  "Mars": 59366,
  "Mary": 59369,
  "Mint": 59508,
  "Needle": 59550,
  "Moss": 59538,
  "Nano": 59547,
  "Metallic": 59393,
  "Monet": 59522,
  "Neuron": 59555,
  "Mustard": 59546,
  "Peaks": 59633,
  "Night": 59570,
  "Phantom": 59640,
  "Picasso": 59643,
  "Paisley_Ice": 59614,
  "Orange": 59593,
  "Pajamas": 59615,
  "Paisley_Flame": 59613,
  "Pixel_Heart": 59650,
  "Pixel": 59649,
  "Play-Doh": 59653,
  "Pulsar": 59685,
  "Prodigi": 59679,
  "Pop_Art": 59661,
  "Python": 59688,
  "Potter": 59665,
  "Ripple": 59744,
  "Red_Urban": 59717,
  "Red_Suit": 59716,
  "Raccoon": 59693,
  "Rhino": 59737,
  "Red": 59708,
  "Rock": 59745,
  "Roger": 59746,
  "Rust": 59751,
  "Savanna": 59770,
  "Safari": 59755,
  "Sahara": 59756,
  "Scandinavia": 59771,
  "Sakura": 59757,
  "Sandstone": 59765,
  "Rustle": 59752,
  "Strawberry": 59895,
  "Space": 59848,
  "Sillicate": 59817,
  "Soft_Flowers": 59841,
  "Storm": 59891,
  "Steak": 59885,
  "Sudoku": 59902,
  "Spark": 59851,
  "Sweater": 59915,
  "Swamp": 59913,
  "Swash": 59914,
  "Thunderball": 60006,
  "Taiga": 59927,
  "Tiger": 60008,
  "Urban": 60049,
  "Tundra": 60028,
  "Violet": 60070,
  "Vanadium": 60058,
  "White": 60110,
  "Zeus": 60143,
  "Vortex": 60075,
  "Winter": 60118,
  "Yellow": 60131,
  "Watercolor": 60102,
  "Black_Ruby": 62027,
  "Chill_bro!": 58717,
  "Crimson": 58766,
  "Zigzag": 60144,
  "Bronze_Armor": 58654,
  "All_You_Need_Is...": 58496,
  "Citrus": 58722,
  "Afterburner": 58481,
  "Houston_Tankin": 59188,
  "Demolisher_2.0": 58795,
  "Fire_of_Valor": 58915,
  "Immunes": 59229,
  "Hazels_Panzerwerke": 59148,
  "Cryo": 58776,
  "Holi": 59177,
  "Green_retinue": 59039,
  "Oriental_Glam": 59595,
  "Lazurite": 59305,
  "Lilac_Petals": 59322,
  "Picnic": 59644,
  "Llama_Tankini": 59328,
  "Photon": 59642,
  "New_Year_Gift": 59564,
  "Leprechaun_Brotherhood": 59310,
  "Retina": 59732,
  "Plasma": 59652,
  "Secret_of_the_Aliens": 59784,
  "Recruit_(Paint)": 59707,
  "Shamrock_Squad": 59799,
  "Snowflake": 59833,
  "Puzzles": 63813,
  "Spangles": 59850,
  "Steam": 59886,
  "Tanki_Trip_2019": 59944,
  "Tanki_Online_turns_13!": 59942,
  "Sunset_Camouflage": 59904,
  "Tanki_in_Moscow": 59948,
  "Tankitty": 59950,
  "Story": 59894,
  "Tanki's_Sun": 59932,
  "Tank-Noir": 59928,
  "Thankos'_Armor": 59993,
  "Turbo": 60030,
  "Tote_bag": 60014,
  "Zombies": 60146,
  "Thankos": 59992,
  "Yellow_Bug": 60132,
  "Zombie": 60145,
  "Alien_Chainmail": 58487,
  "All_the_Goodies": 58497,
  "Adam_and_Eve": 58473,
  "Ancient_dragon": 58515,
  "450_Nanometers": 58463,
  "And_Roll": 58516,
  "Andromeda": 63615,
  "Antisystem": 58520,
  "Aurora_(2)": 60644,
  "Bandits": 58579,
  "ATB": 58466,
  "Babushka's_Sofa": 58577,
  "Area_52": 58533,
  "Babushka's_Quilt": 58576,
  "Avant-garde": 58569,
  "Aurora": 58566,
  "Bears": 58597,
  "Baubles_Galore": 58595,
  "Barricade_tape": 58585,
  "Beach": 58596,
  "BigTanks": 58619,
  "Battleship": 58594,
  "Banguins": 58580,
  "BBQ": 58575,
  "Blue_Marmalade": 58630,
  "Blanket": 58626,
  "Black_Mirror": 58623,
  "Blue_planet": 58633,
  "Bounty_hunter": 58642,
  "Birthday_Hat": 58621,
  "Thug": 60003,
  "Birdwatcher": 58620,
  "Bulls": 58658,
  "Cartridge": 64471,
  "Can't_Stop_(2)": 58673,
  "Buckwheat": 58657,
  "Bulls_(2)": 58659,
  "Cake": 58664,
  "Cap": 58676,
  "Carnage": 58681,
  "Charred": 58705,
  "Chill_vibe": 64299,
  "City_Dweller": 58723,
  "Christmas_Eve": 58721,
  "Creative_Engineer": 58764,
  "Crusher": 58775,
  "Chocolatank": 58718,
  "Crop_Circles": 58770,
  "Deviants": 58811,
  "Darts": 58786,
  "Default": 62194,
  "Deviants_(2)": 60645,
  "Designer_Vibe": 58805,
  "Deep_blue_pixel": 58792,
  "Demolisher": 58794,
  "Developers_2K22": 58809,
  "Eternity_(2)": 58885,
  "Diamonds_(2)": 58816,
  "Devine": 58812,
  "Easter": 58863,
  "Easter_Egg": 58864,
  "Eagle_eye": 58860,
  "Ecofriendly": 58865,
  "Diamonds": 58815,
  "For_Developers_(2)": 58936,
  "For_Developers_(3)": 58937,
  "Falling_leaves": 58901,
  "Feechki": 58909,
  "For_Developers_(6)": 58940,
  "For_Developers_(5)": 58939,
  "Flash": 58927,
  "For_Developers_(4)": 58938,
  "For_Players_(6)": 58946,
  "For_Players_(5)": 58945,
  "For_Players_(3)": 58943,
  "For_Players": 58941,
  "For_Players_(2)": 58942,
  "For_Players_(4)": 58944,
  "Fragment": 58960,
  "For_Developers": 58935,
  "Gentleman": 58996,
  "Gingerbread": 59007,
  "Gift_wrap": 59004,
  "Galacticus": 58977,
  "Gamer": 58984,
  "Ghost": 59001,
  "Gamepad": 58983,
  "Goliafffffff": 59029,
  "Gloom": 59014,
  "Guardians_Advanced": 59045,
  "Go_Pro": 59017,
  "Griller": 59041,
  "Gloss": 59015,
  "Gold_digger": 59025,
  "Battle_Axes": 58588,
  "Lavanda": 59304,
  "Devine_(2)": 58813,
  "Cold": 58731,
  "Frenzy_(2)": 58966,
  "Frenzy": 58965,
  "Diamonds_(3)": 58817,
  "Diamonds_(4)": 58818,
  "Battle_Axes_(2)": 58589,
  "Halloween": 59141,
  "Jade_Scales": 59275,
  "TeamP": 59961,
  "International": 59258,
  "JERRYYY21": 59272,
  "Hand_Sanitizer": 59146,
  "TeamP_(2)": 59962,
  "Horror": 59187,
  "KALASH86RUS": 59285,
  "Knockout": 59290,
  "KAN": 60646,
  "Lady": 59300,
  "Joy": 59281,
  "JMPR": 59273,
  "Kasim": 59288,
  "Lannies": 59301,
  "Lifesaver": 59316,
  "Log_cabin": 59331,
  "Lovesick": 60647,
  "Lovesick_(3)": 64300,
  "Lucky_Coin": 59343,
  "Lovesick_(2)": 62195,
  "Lime_Burst": 59324,
  "Lions": 59325,
  "New_Camouflage": 59561,
  "Neural_network": 59554,
  "Moonwalker": 59535,
  "Mr._Smiley": 59542,
  "Merciful": 59392,
  "Memento_mei": 64301,
  "Mint_Candy": 59509,
  "Masquerade": 59370,
  "Nuclear_Sun": 59585,
  "Offensive": 59590,
  "Nostalgia": 60601,
  "Oasis": 59586,
  "New_Year_2017": 59562,
  "Oceania": 59588,
  "NON_STOP": 62196,
  "Obsidian": 59587,
  "Off-road_vehicle": 59589,
  "Packed_Stocking": 59611,
  "Peace,_Work,_May!": 59632,
  "Pepega": 59637,
  "Penguins": 59635,
  "Orange_urchin": 59594,
  "Pepega_(2)": 60648,
  "Penguins_(2)": 59636,
  "Peppers": 59638,
  "Pumpkins": 59686,
  "Precious_Studs": 59666,
  "Pepega_(3)": 64302,
  "Pink_Elephant": 59648,
  "Premium_paint": 59671,
  "POP_IT": 59608,
  "Pumpkin_Puree": 61553,
  "Reddit": 59720,
  "Punishment": 60649,
  "Red_Notice": 59713,
  "Question": 59690,
  "Red_Marmalade": 59712,
  "Quirky": 59692,
  "Red_Marks": 59711,
  "Rare_Easter_Egg": 59704,
  "Red_Notice_(3)": 59715,
  "Retired_Bots": 59733,
  "Red_Notice_(4)": 60650,
  "Red_Notice_(2)": 59714,
  "Red_planet": 59718,
  "Retrowave": 59734,
  "Revenge": 59735,
  "Red_Notice_(5)": 62197,
  "Revolutionary": 62198,
  "Shredded": 59808,
  "Sennaar": 64303,
  "Shrek_Lovers": 62199,
  "Scarier_Things": 59772,
  "Santa_Claus": 59767,
  "Sheriffs": 59801,
  "Samba": 59758,
  "Sight": 59813,
  "Skomorokh": 59823,
  "S-N-E-G": 59753,
  "Singularity": 59821,
  "Sonar": 59846,
  "Singapore": 59820,
  "Snowy_Surprise": 62271,
  "Soda": 59840,
  "Spirit_(2)": 64304,
  "Speeding_Star": 59861,
  "Spirit_of_Brazil": 59863,
  "Squid_Fingers": 59870,
  "Spirit_of_LATAM": 59864,
  "Spirit": 62200,
  "Spring_bouquet": 59867,
  "Staries": 59880,
  "Steel_Micro-fibers": 59887,
  "Sun": 59903,
  "Stars_and_Flames": 59882,
  "Stepbrothers": 59889,
  "Stylish_Tanker": 59899,
  "Survivor": 59912,
  "Storm_(2)": 59893,
  "Stepbrothers_(2)": 59890,
  "Tanks_1.0": 59953,
  "Target": 59958,
  "Tanks_2.0": 59954,
  "Sweet_Gift": 59917,
  "Synergy": 59923,
  "Sweet_trick": 59919,
  "Tarantula": 59957,
  "Targies": 59959,
  "Team_Pointers_(3)": 59970,
  "Taspens": 59960,
  "Team_International": 59964,
  "Team_OK": 59967,
  "Team_Pointers_(2)": 59969,
  "Team_Pointers_(5)": 59972,
  "Team_Pointers_(6)": 59973,
  "Team_Pointers_(4)": 59971,
  "Tetris": 59991,
  "Team_Russia": 59974,
  "Team_Pointers": 59968,
  "The_Snowman": 59999,
  "The_Game_2020": 59998,
  "The_Dreamers": 59995,
  "The_Elves": 59996,
  "Team_VK": 59975,
  "Top25OrNothing": 60651,
  "Timber_Camo": 60009,
  "Toxic": 60016,
  "UFO": 60036,
  "Toxic_(2)": 60017,
  "Troublemakers": 64305,
  "Tropical_Foliage": 60026,
  "Tropics": 60027,
  "Vega": 64306,
  "Vavilon": 60059,
  "Vector": 60060,
  "Undervalued": 60042,
  "Virus": 60071,
  "Vampire": 60056,
  "Undervalued_(2)": 62201,
  "Undead": 60040,
  "Watermelon": 60103,
  "Walk_of_Fame": 60080,
  "War._EN": 60084,
  "War._RU": 60086,
  "War_Winner": 60090,
  "War._DE": 60083,
  "Waider": 60078,
  "War._PL": 60085,
  "Wolves": 60121,
  "White_planet": 60111,
  "Wildstyle": 60117,
  "Yin_&_Yang": 60134,
  "Youtubers_2K22": 60142,
  "Wonderbird": 60123,
  "Wonder_fish": 60122,
  "Adversity": 58477,
  "Alien_Regeneration": 58489,
  "Alien_Nebula": 58488,
  "Atmospheric_Conditions": 58546,
  "Alloy": 58499,
  "Alien_Skin": 58490,
  "Barbed_Wire": 58581,
  "Badger-badger": 58578,
  "Black_Sea": 58624,
  "Blue_lilac": 58632,
  "Burst_of_Light": 58662,
  "Bubble_Gum": 58656,
  "Beating_Hearts": 58598,
  "Bunny": 58660,
  "Busted": 58663,
  "Beholder": 58601,
  "Campfire": 58671,
  "Carbon_Stars": 58680,
  "Craft_Scissors": 58762,
  "Cosmic_Blast": 58759,
  "Constellation": 58744,
  "Chemical_Reaction": 58710,
  "Canyon_Hero": 58675,
  "Cathode_Ray_Tube": 58682,
  "Digital_Borealis": 58824,
  "Cyber_Shuriken": 58781,
  "Cucurbita_Pepo": 58779,
  "Cyberpunk": 58782,
  "Disco_2.0": 58827,
  "Drive": 58838,
  "Diamond": 58814,
  "Cyborg": 58783,
  "Earthling": 58862,
  "Electric_Sheep": 58871,
  "Electrohive": 58873,
  "Far_North": 58906,
  "Fan": 58902,
  "Fall_leaves": 58900,
  "Ducks": 58844,
  "Eruption": 58882,
  "Frigid_Coat": 58970,
  "Flowing_Metal": 58931,
  "First_Kiss": 58919,
  "Fidget_toy": 58910,
  "Fried_egg": 58968,
  "Flow": 58930,
  "Flywheel": 58932,
  "Fire_golem": 58914,
  "Glam_Croc": 59009,
  "Gears": 58990,
  "Gold_alloy": 59023,
  "Galaxian_Explosion": 58978,
  "Glow": 59016,
  "Ginga": 59006,
  "Galaxy": 58979,
  "Golden_Gears": 59027,
  "Green_Quads": 59037,
  "Honor": 59182,
  "Groovy_Neon": 59042,
  "Holiday_Lights": 59179,
  "Holo": 59180,
  "Green_Zircon": 59038,
  "Heart_of_Steel": 59152,
  "Head_Ripper": 59150,
  "LEDs": 59298,
  "Katakana": 59289,
  "Liana": 59312,
  "Integrated_circuit": 59257,
  "Jolly_Season": 59280,
  "Ice_Flurry": 59226,
  "Lava_Lamp": 59303,
  "Kapuljat": 59287,
  "Matrix": 59384,
  "Loving_Camo": 59341,
  "Magic_Circles": 59348,
  "Light_organ": 59320,
  "LOL": 59299,
  "Living_Armor": 59327,
  "Lightning_Storm": 59321,
  "Magnolia": 59352,
  "Monochrome": 59533,
  "Mosaic": 59537,
  "Meteor_Shower": 59394,
  "Microbiology": 59501,
  "Neon_Geometry": 59552,
  "Mount_Fuji": 59539,
  "Nanosuit_Armor": 59549,
  "NanoHUD": 59548,
  "Nickel": 59567,
  "Night_City": 59571,
  "PCB": 59606,
  "Pastila": 59629,
  "Nightmare": 59572,
  "Pixel_Plasma": 59651,
  "Northern_Lights": 59578,
  "Radioactive_Jelly": 59697,
  "Quantum_Camo": 59689,
  "Secret_Sauce": 59783,
  "Prestigio": 59673,
  "Runes": 59749,
  "Prodigy_2.0": 59680,
  "Red_smoke": 59719,
  "Radar": 59694,
  "Siberian_Tiger": 59809,
  "Silver_Bricks": 59819,
  "Souls": 59847,
  "Spinner": 59862,
  "Sparks": 59852,
  "Seventies_Fun": 59796,
  "Smoke_Screen": 59830,
  "Spectrum": 59858,
  "Spring": 59866,
  "Tectonic_plates": 59978,
  "Synth-pop": 59925,
  "Spreading_Fast": 59865,
  "Symbiote": 59921,
  "Synesthesia": 59924,
  "Surf": 59911,
  "Tankoin_Tank": 59951,
  "Tentacles": 59981,
  "Tic-tac-toe": 60007,
  "Touch_of_chill": 60015,
  "Vertigo": 60062,
  "Valour": 60055,
  "Under_the_Tree": 60041,
  "Trapped_Inside": 60020,
  "Visual_Disruptor": 60072,
  "Aero": 58479,
  "Eagle": 58859,
  "Glide": 59010,
  "Master_of_Parkour_2016": 59376,
  "Blaze": 58628,
  "X_Noir": 60126,
  "Gladiator": 59008,
  "Lucky_7": 59342,
  "Master_of_Parkour_2019": 59378,
  "Sky": 59824,
  "Pegasus": 59634,
  "Onyx": 59591,
  "Phoenix": 59641,
  "Masters_of_Parkour_2023": 59382,
  "Master_of_Parkour_2017": 59377,
  "Traceur": 60018,
  "Best_Helper_2017": 58607,
  "Top_Class": 60013,
  "Alligator": 58498,
  "Star": 59876,
  "Best_Helper_2016": 58606,
  "Aramid": 58525,
  "Veteran": 60063,
  "Best_Helper_of_2023": 58615,
  "Engineer": 58877,
  "Best_Helper_of_2021": 58613,
  "Best_Helper_of_2019": 58611,
  "Best_Helper_of_2024": 62240,
  "Best_Helper_of_2018": 58610,
  "Best_Helper_of_2022": 58614,
  "Flame": 58925,
  "Ruby": 59747,
  "Microchip": 59502,
  "Reporter": 59728,
  "Helios": 59155,
  "Sapphire": 59768,
  "Flame_2.0": 58926,
  "Neon": 59551,
  "Spectator": 59855,
  "Playground": 59656,
  "Snowman_(paint)": 59835,
  "Dead": 58787,
  "Youtuber_TO": 60138,
  "Paints_Before_the_Rebalance": 62581,
  "Prop": 59684,
  "Instructions_for_purchasing_items_in_the_Store": 61838,
  "Drop_Boxes": 63561,
  "Overdrive_Guide": 59603,
  "Events": 58888,
  "Mines": 59505,
  "Berlin": 58603,
  "Highland": 59163,
  "Predictable_Drop_Zones": 59667,
  "Skyboxes": 64172,
  "Arena": 58534,
  "Aleksandrovsk": 58482,
  "Aleksandrovsk_MM": 58483,
  "Unreleased_Maps": 64428,
  "Other_Maps": 59600,
  "Guides_for_Maps": 59137,
  "Bobruisk_MM": 58636,
  "Bobruisk": 58635,
  "Brest": 58645,
  "Barda_MM": 58584,
  "Atra": 60243,
  "Berlin_MM": 58604,
  "Barda": 58583,
  "Boombox": 58638,
  "Canyon": 58674,
  "Chernobyl": 58711,
  "Camp": 58669,
  "Bridges": 58647,
  "Chernobyl_MM": 64107,
  "Bridges_MM": 58648,
  "Chernushka": 58713,
  "Brest_MM": 58646,
  "Deathtrack": 58790,
  "Cross": 58771,
  "Courage": 58761,
  "Cologne_MM": 58733,
  "Combe": 58737,
  "Cologne": 58732,
  "Cross_MM": 58772,
  "Esplanade": 58883,
  "Duel": 61074,
  "Deck-9": 58791,
  "Edinburgh": 58868,
  "Desert_MM": 58801,
  "Dusseldorf": 58847,
  "Dusseldorf_MM": 58848,
  "Duality": 58843,
  "Future": 58974,
  "Garder": 58986,
  "Factory": 63305,
  "Future_MM": 58975,
  "Forest_MM": 58948,
  "Farm": 58907,
  "Forest": 58947,
  "Fort_Knox": 58954,
  "Highland_MM": 59164,
  "Hill": 59167,
  "Highways": 59165,
  "Gravity": 63306,
  "Gubakha": 63307,
  "Industrial_Zone": 59252,
  "Industrial_Zone_MM": 59253,
  "Highways_MM": 59166,
  "Iran": 59260,
  "Madness_2": 64190,
  "Island": 59267,
  "Iran_MM": 63947,
  "Kolhoz": 59291,
  "Lost_Temple_MM": 63315,
  "Lost_Temple": 59336,
  "Magistral": 59349,
  "Molotov_MM": 59521,
  "Massacre": 59371,
  "Magadan": 59347,
  "Molotov": 63316,
  "Magistral_MM": 59350,
  "Massacre_MM": 59372,
  "Monte_Carlo": 59534,
  "Opposition": 59592,
  "Noise": 63317,
  "Novel": 59581,
  "Parma": 59625,
  "Parma_MM": 59626,
  "Osa": 59596,
  "Osa_MM": 59597,
  "Parma_REMASTER": 63944,
  "Ping-Pong": 59647,
  "Red_Alert_MM": 59710,
  "Rift": 59741,
  "Red_Alert": 59709,
  "Rio": 59742,
  "Polygon": 59659,
  "Pass": 59627,
  "Polygon_MM": 59660,
  "Sandal": 59759,
  "Sandbox": 59762,
  "Scope": 64013,
  "Sandal_REMASTERED": 59761,
  "Sandbox_MM": 59763,
  "Sandbox_REMASTERED": 64196,
  "Sandbox_REMASTERED_XS": 64207,
  "Rio_MM": 59743,
  "Short_Bridge": 59805,
  "Serpuhov": 59791,
  "Silence_MM": 64213,
  "Serpuhov_MM": 63318,
  "Scope_MM": 59774,
  "Skylark": 63319,
  "Siege_MM": 60724,
  "Silence": 59814,
  "Subway": 59900,
  "Solikamsk": 59843,
  "Station": 59883,
  "Stadium": 59871,
  "Solikamsk_MM": 59844,
  "Skyscrapers": 59828,
  "Skylark_MM": 63320,
  "Stadium_MM": 59872,
  "Year_2042": 60129,
  "Wolfenstein_MM": 64214,
  "Tribute_MM": 60022,
  "Tribute": 60021,
  "Valley": 60054,
  "Wolfenstein": 60119,
  "Year_2042_MM": 60130,
  "Wave": 60104,
  "Zone": 60147,
  "Yorkshire_MM": 60136,
  "Tanks_in_Space_Minigame": 59955,
  "Trick_or_Treat_Minigame": 60023,
  "Shards": 59800,
  "Speed_Boost": 59860,
  "StarLadder": 59877,
  "Broadcasts_and_Livestreams": 58652,
  "Social_networks": 59839,
  "Nuclear_Energy_Supply": 59584,
  "Gifts": 59005,
  "Wild_Jungle": 60116,
  "What_to_do_if_my_account_has_been_stolen?": 60107,
  "Battle_Moderators": 60396,
  "Nicknames": 62688,
  "Community_Managers": 63756,
  "Contests": 58753,
  "Press": 59672,
  "Updates": 64419,
  "Youtuber_TO_(paint)": 60140,
  "Forum_moderators": 61496,
  "Forum_Clans": 58956,
  "ESports_Helpers": 58855,
  "Clans": 58728,
  "Ranks_and_Experience": 59703,
  "History_of_Cybersport": 59169,
  "Fan_Art": 58903,
  "Wiki_Editors": 60113,
  "Administrators": 63757,
  "Testers": 62631,
  "Best_Helpers": 63133,
  "Social_Media_Moderators": 59837,
  "Spectator_mode": 59856,
  "Responsibilities_of_administration_and_administration's_helpers": 59731,
  "Master_of_Parkour": 59375,
  "Dynamic_Shadows": 58849,
  "Registration": 59722,
  "Translators,_Proofreaders_and_Game_Translators": 64028,
  "Masters_of_Parkour": 59380,
  "Rent_a_Spec_Helpers": 62605,
  "Broadcasters_and_Commentators": 58650,
  "Guide_to_playing_in_Edinburgh_effectively": 59081,
  "Guide_to_playing_in_Rio_effectively": 59116,
  "Guide_to_playing_in_Cologne_effectively": 59070,
  "Crystal_Boxes": 63462,
  "Map_Editor": 59362,
  "Test_Server": 63901,
  "Kungur": 59295,
  "Advice_from_experienced_players": 58478,
  "The_GAME": 59997,
  "Avatars": 64163,
  "First_Purchase_Bonus": 58922,
  "Parade_of_the_Beginners": 59619,
  "Purchasing_Items": 59687,
  "Piggy_Bank": 59645,
  "Mobile_Updates": 59514,
  "Entering_the_game": 58880,
  "Tanki_X": 59946,
  "Autopilot": 58568,
  "How_to_check_nickname_availability?": 62681,
  "HTML5_Client": 59139,
  "I’ve_been_punished,_what_to_do?": 60739,
  "Archive_kits": 58532,
  "Guide_to_Team_Juggernaut": 59057,
  "Tessaract_Camo": 59986,
  "Grenade_guide": 60969,
  "Overview_of_the_new_MK_system": 59605,
  "Development_Plans": 63059,
  "Guides": 59136,
  "Rebalance": 62578,
  "Micro-upgrades_of_\"Marine\"_Legacy_Module": 60865,
  "Micro-upgrades_of_\"Triple\"_Modules": 63968,
  "Micro-upgrades_of_\"Single\"_Modules": 63913,
  "Micro-upgrades_of_\"Double\"_Modules": 63967,
  "Micro-upgrades_of_\"Swamp\"_Legacy_Module": 60822,
  "Gold_Box_Hunting": 59020,
  "Micro-upgrades_of_\"Forester\"_Legacy_Module": 60862,
  "Micro-upgrades_of_\"Invader\"_Legacy_Module": 59457,
  "Micro-upgrades_of_\"Dragon\"_Legacy_Module": 60829,
  "Micro-upgrades_of_\"Lead\"_Legacy_Module": 60847,
  "Micro-upgrades_of_\"In_Love\"_Legacy_Module": 60860,
  "Micro-upgrades_of_\"Carbon\"_Legacy_Module": 60821,
  "Micro-upgrades_of_\"Mary\"_Legacy_Module": 60836,
  "Micro-upgrades_of_\"Alien\"_Legacy_Module": 60824,
  "Micro-upgrades_of_\"Eternity\"_Legacy_Module": 59445,
  "Micro-upgrades_of_\"Dirty\"_Legacy_Module": 60823,
  "Micro-upgrades_of_\"Chainmail\"_Legacy_Module": 59434,
  "Micro-upgrades_of_\"Storm\"_Legacy_Module": 60839,
  "Micro-upgrades_of_\"Tundra\"_Legacy_Module": 60827,
  "Micro-upgrades_of_\"Desert\"_Legacy_Module": 60866,
  "Micro-upgrades_of_\"Vortex\"_Legacy_Module": 59496,
  "Micro-upgrades_of_\"Corrosion\"_Legacy_Module": 60838,
  "Micro-upgrades_of_\"Swash\"_Legacy_Module": 60837,
  "Micro-upgrades_of_\"Guerrilla\"_Legacy_Module": 59451,
  "Micro-upgrades_of_\"Jaguar\"_Legacy_Module": 60833,
  "Micro-upgrades_of_\"Pixel\"_Legacy_Module": 59473,
  "Micro-upgrades_of_\"Roger\"_Legacy_Module": 60828,
  "Micro-upgrades_of_\"Python\"_Legacy_Module": 60841,
  "Micro-upgrades_of_\"Sakura\"_Legacy_Module": 59483,
  "Micro-upgrades_of_\"Fracture\"_Legacy_Module": 59448,
  "Micro-upgrades_of_\"Sandstone\"_Legacy_Module": 60846,
  "Micro-upgrades_of_\"Cedar\"_Legacy_Module": 60845,
  "Micro-upgrades_of_\"Electra\"_Legacy_Module": 60830,
  "Micro-upgrades_of_\"Spark\"_Legacy_Module": 60843,
  "Micro-upgrades_of_\"Red_Suit\"_Legacy_Module": 59477,
  "Micro-upgrades_of_\"Blacksmith\"_Legacy_Module": 59431,
  "Micro-upgrades_of_\"Digital\"_Legacy_Module": 60832,
  "Micro-upgrades_of_\"Winter\"_Legacy_Module": 60826,
  "Micro-upgrades_of_\"Loam\"_Legacy_Module": 60840,
  "Micro-upgrades_of_\"Rhino\"_Legacy_Module": 59478,
  "Micro-upgrades_of_\"Rustle\"_Legacy_Module": 60834,
  "Micro-upgrades_of_\"Hohloma\"_Legacy_Module": 60835,
  "Micro-upgrades_of_\"Urban\"_Legacy_Module": 60867,
  "Micro-upgrades_of_\"Irbis\"_Legacy_Module": 60852,
  "Micro-upgrades_of_\"Cherry\"_Legacy_Module": 59435,
  "Micro-upgrades_of_\"Hive\"_Legacy_Module": 59452,
  "Micro-upgrades_of_\"Atom\"_Legacy_Module": 59430,
  "Micro-upgrades_of_\"Mars\"_Legacy_Module": 59467,
  "Micro-upgrades_of_\"Emerald\"_Legacy_Module": 60854,
  "Micro-upgrades_of_\"Savanna\"_Legacy_Module": 60864,
  "Micro-upgrades_of_\"Tiger\"_Legacy_Module": 59492,
  "Micro-upgrades_of_\"Inferno\"_Legacy_Module": 60856,
  "Micro-upgrades_of_\"Nano\"_Legacy_Module": 59470,
  "Micro-upgrades_of_\"Prodigi\"_Legacy_Module": 60848,
  "Micro-upgrades_of_\"Taiga\"_Legacy_Module": 60844,
  "Micro-upgrades_of_\"Jade\"_Legacy_Module": 60857,
  "Micro-upgrades_of_\"Raccoon\"_Legacy_Module": 59476,
  "Micro-upgrades_of_\"Rock\"_Legacy_Module": 60850,
  "Micro-upgrades_of_\"Needle\"_Legacy_Module": 60851,
  "Micro-upgrades_of_\"Graffiti\"_Legacy_Module": 59449,
  "Micro-upgrades_of_\"Lumberjack\"_Legacy_Module": 59464,
  "Micro-upgrades_of_\"Picasso\"_Legacy_Module": 59472,
  "Micro-upgrades_of_\"Clay\"_Legacy_Module": 60849,
  "Micro-upgrades_of_\"Africa\"_Legacy_Module": 59428,
  "Micro-upgrades_of_\"Flora\"_Legacy_Module": 60863,
  "Micro-upgrades_of_\"Zeus\"_Legacy_Module": 60855,
  "11_years!": 58459,
  "Micro-upgrades_of_\"Safari\"_Legacy_Module": 60825,
  "Micro-upgrades_of_\"Lava\"_Legacy_Module": 60859,
  "Micro-upgrades_of_\"Metallic\"_Legacy_Module": 60861,
  "Micro-upgrades_of_\"Magma\"_Legacy_Module": 59465,
  "Tanki_Online_Fighting": 59937,
  "Brazil": 58643,
  "England": 58879,
  "Australia": 58567,
  "Belgium": 58602,
  "Argentina": 58537,
  "Denmark": 58797,
  "Morocco": 59536,
  "Germany": 58998,
  "Spain": 59849,
  "Iceland": 59227,
  "Colombia": 58734,
  "Egypt": 58869,
  "Costa_Rica": 58760,
  "Mexico": 59395,
  "Peru": 59639,
  "Nigeria": 59569,
  "Saudi_Arabia": 59769,
  "Poland": 59657,
  "Russia": 59750,
  "Portugal": 59662,
  "Panama": 59618,
  "Tunisia": 60029,
  "France": 58961,
  "Sweden": 59916,
  "Croatia": 58769,
  "Serbia": 59788,
  "Uruguay": 60050,
  "Senegal": 59787,
  "Switzerland": 59920,
  "Japan": 59278,
  "Cameroon": 58668,
  "Bosnia_and_Herzegovina": 58640,
  "Chile": 58716,
  "Wales": 60079,
  "Algeria": 58484,
  "Ecuador": 58867,
  "Desert_(Map)": 58799,
  "Ghana": 58999,
  "Greece": 59035,
  "Ivory_Coast": 59270,
  "Honduras": 59181,
  "Italy": 59268,
  "Netherlands": 59553,
  "War_of_Thrones": 60094,
  "Gemetric_Blue": 58992,
  "Desert_(paint)": 58800,
  "Arbiter": 58526,
  "The_Winner": 60001,
  "Demolition_War": 58796,
  "War_of_Superpowers": 60093,
  "War._Stolen_Christmas": 60087,
  "Tank_War": 59930,
  "Not_a_Lantern": 59579,
  "Masters_of_Parkour_2020": 59381,
  "Alien_Abduction": 58486,
  "Tanki_Craft": 59934,
  "Tanki_Online_War": 59941,
  "Star_Hunts": 59878,
  "Best_Helper_of_2020": 58612,
  "Event_Helpers": 58887,
  "Archipelago_MM": 58530,
  "Help_Site_Consultants": 59157,
  "Contests_Organizers": 58754,
  "Graphical_Settings": 62852,
  "Tankiada": 59949,
  "Guide_to_playing_in_Atra_effectively": 59060,
  "Guide_to_playing_in_Aleksandrovsk_effectively": 59058,
  "Guide_to_playing_in_Barda_effectively": 59061,
  "Guide_to_playing_in_Berlin_effectively": 59062,
  "Guide_to_playing_in_Arena_effectively": 59059,
  "Tanki_Online_2.0": 59936,
  "Guide_to_playing_in_Camp_effectively": 59067,
  "Guide_to_playing_in_Brest_effectively": 59065,
  "Guide_to_playing_in_Bobruisk_effectively": 59063,
  "Guide_to_playing_in_Chernobyl_effectively": 59069,
  "Guide_to_playing_in_Combe_effectively": 59071,
  "Guide_to_playing_in_Canyon_effectively": 59068,
  "Guide_to_playing_in_Boombox_effectively": 59064,
  "Guide_to_playing_in_Bridges_effectively": 59066,
  "Guide_to_playing_in_Desert_effectively": 59077,
  "Guide_to_playing_in_Duel_effectively": 59079,
  "Guide_to_playing_in_Deck-9_effectively": 59076,
  "Guide_to_playing_in_Cross_effectively": 59073,
  "Guide_to_playing_in_Deathtrack_effectively": 59075,
  "Guide_to_playing_in_Dusseldorf_effectively": 59080,
  "Guide_to_playing_in_Duality_effectively": 59078,
  "Guide_to_playing_in_Courage_effectively": 59072,
  "Guide_to_playing_in_Fort_Knox_effectively": 59086,
  "Guide_to_playing_in_Esplanade_effectively": 59082,
  "Guide_to_playing_in_Gravity_effectively": 59089,
  "Guide_to_playing_in_Garder_effectively": 59088,
  "Guide_to_playing_in_Factory_effectively": 59083,
  "Guide_to_playing_in_Farm_effectively": 59084,
  "Guide_to_playing_in_Future_effectively": 59087,
  "Guide_to_playing_in_Forest_effectively": 59085,
  "Guide_to_playing_in_Highways_effectively": 59092,
  "Guide_to_playing_in_Gubakha_effectively": 59090,
  "Guide_to_playing_in_Hill_effectively": 59093,
  "Guide_to_playing_in_Island_effectively": 59096,
  "Guide_to_playing_in_Industrial_Zone_effectively": 59094,
  "Guide_to_playing_in_Iran_effectively": 59095,
  "Guide_to_playing_in_Highland_effectively": 59091,
  "Guide_to_playing_in_Kolhoz_effectively": 59097,
  "Guide_to_playing_in_Madness_effectively": 59100,
  "Guide_to_playing_in_Magistral_effectively": 59102,
  "Guide_to_playing_in_Monte_Carlo_effectively": 59105,
  "Guide_to_playing_in_Magadan_effectively": 59101,
  "Guide_to_playing_in_Lost_Temple_effectively": 59099,
  "Guide_to_playing_in_Kungur_effectively": 59098,
  "Guide_to_playing_in_Molotov_effectively": 59104,
  "Guide_to_playing_in_Massacre_effectively": 59103,
  "Guide_to_playing_in_Opposition_effectively": 59108,
  "Guide_to_playing_in_Ping-Pong_effectively": 59112,
  "Guide_to_playing_in_Pass_effectively": 59111,
  "Guide_to_playing_in_Osa_effectively": 59109,
  "Guide_to_playing_in_Parma_effectively": 59110,
  "Guide_to_playing_in_Noise_effectively": 59106,
  "Guide_to_playing_in_Polygon_effectively": 59113,
  "Guide_to_playing_in_Novel_effectively": 59107,
  "Guide_to_playing_in_Rift_effectively": 59115,
  "Guide_to_playing_in_Siege_effectively": 59122,
  "Guide_to_playing_in_Sandbox_effectively": 59118,
  "Guide_to_playing_in_Short_Bridge_effectively": 59121,
  "Guide_to_playing_in_Serpuhov_effectively": 59120,
  "Guide_to_playing_in_Sandal_effectively": 59117,
  "Guide_to_playing_in_Red_Alert_effectively": 59114,
  "Guide_to_playing_in_Scope_effectively": 59119,
  "Guide_to_playing_in_Station_effectively": 59128,
  "Guide_to_playing_in_Skylark_effectively": 59124,
  "Guide_to_playing_in_Subway_effectively": 59129,
  "Guide_to_playing_in_Solikamsk_effectively": 59126,
  "Guide_to_playing_in_Tribute_effectively": 59130,
  "Guide_to_playing_in_Skyscrapers_effectively": 59125,
  "Guide_to_playing_in_Stadium_effectively": 59127,
  "Guide_to_playing_in_Silence_effectively": 59123,
  "Guide_to_playing_in_Zone_effectively": 59135,
  "Guide_to_playing_in_Wolfenstein_effectively": 59133,
  "Guide_to_playing_in_Valley_effectively": 59131,
  "Guide_to_playing_in_Wave_effectively": 59132,
  "Iran_(map)": 64052,
  "Guide_to_playing_in_Year_2042_effectively": 59134,
  "ESports_Server": 58857,
  "Challenges_Archive_2025": 64346,
  "Challenges_Archive_2022": 62322,
  "Challenges_Archive_2021": 62321,
  "Challenges_Archive_2019": 62319,
  "Challenges_Archive_2020": 62320,
  "Renaming": 62730,
  "Chat_Contests": 58707,
  "War": 60082,
  "Administration": 60400,
  "Challenges_Archive_2024": 62324,
  "Challenges_Archive_2023": 62323,
  "Design_an_Avatar": 58804,
  "Mini_contest_\"100_000\"": 59506,
  "Lift_off_2019": 59317,
  "Valentine's_Day_Mine_Art_Contest": 60053,
  "Valentine's_Card": 60052,
  "Christmas_Cards_Contest": 58720,
  "Design_a_Christmas_Avatar": 58803,
  "Fancy_Rank_Up!": 58905,
  "Why_does_one_need_a_clan": 60112,
  "Rank_limits": 59701,
  "Tanki_Wallpapers": 59945,
  "How_to_join_a_clan": 59200,
  "Fake_Description": 58898,
  "History_of_the_Newspaper": 59174,
  "The_Cybersport_Channel": 59994,
  "Clan_Championship": 58724,
  "Craftwork": 58763,
  "Rent_a_Spec": 59723,
  "Creative_League": 58765,
  "3D_models": 58462,
  "Managers": 60403,
  "Videos": 60067,
  "Artwork_Contest_\"Your_Tanki_Online\"": 58540,
  "Head_Administrators": 64036,
  "Developers": 58808,
  "Content_Helpers": 63150,
  "Video_Guides": 60066,
  "Other": 59599,
  "Beginner's_Guide": 64072,
  "Learning_how_to_shoot_accurately": 59307,
  "Guide_to_Deathmatches": 59052,
  "Guide_to_Team_Deathmatches": 59056,
  "Guide_to_Control_Points": 59051,
  "Guide_to_Siege": 59054,
  "Finding_the_right_battle_to_join": 58912,
  "Guide_to_Capture_the_Flag": 59050,
  "Flipping": 58928,
  "Pro's_Advice_Videos": 63966,
  "Stalemate_situations": 59875,
  "Guide_to_Rugby": 59053,
  "Smart_Cooldowns_and_Predictable_Drops": 59829,
  "Guide_to_Assault": 59049,
  "How_to_Survive_a_Railgun": 59189,
  "Five_Ways_To_Win": 58924,
  "Items_Purchased_in_Shop_Not_Credited": 59269,
  "How_to_clean_the_Tanki_Online_client's_cache": 59193,
  "Mk_conversion": 59512,
  "Problems_and_Solutions": 59677,
  "Soft_Particles": 59842,
  "USA": 60037,
  "Korea_Republic": 59294,
  "IR_Iran": 59222,
  "Tanks_in_real_life": 59956,
  "Newspaper_Reporters": 60369,
  "Gold_Hunter_of_the_Week": 59022,
  "Volcanic_eruption": 60074,
  "Stained_Glass": 59874,
  "Miniature_Masonry": 59507,
  "Funky_medicine": 58973,
  "War._The_Winner": 60088,
  "Gender_War": 58993,
  "Evil_War": 58889,
  "Team_Leaders": 59966,
  "Human_Resources_Administrator": 59217,
  "Fan_Sites": 58904,
  "Leprotanki": 59311,
  "Assistants": 60184,
  "MapViewer": 59361,
  "Former_Creative_League_Members": 58952,
  "How_to_report_bugs_and_glitches?": 59209,
  "How_to_raise_FPS": 63826,
  "How_to_record_a_video?": 59205,
  "How_to_get_rid_of_malware?": 59199,
  "Tanki_Online_Tools": 59940,
  "Tanki_Rating": 62660,
  "How_to_clean_your_browser's_cache": 59194,
  "Custom_Camera_Settings": 58780,
  "How_to_prevent_a_battle_error?": 59201,
  "How_to_upload_images_to_a_hosting_site": 59215,
  "How_to_enter_the_game_via_Google_Plus": 59197,
  "How_to_upload_a_video_to_YouTube": 59214,
  "How_to_take_a_screenshot?": 59213,
  "How_to_reduce_lags": 59207,
  "What_to_do_if_my_account_is_blocked_due_to_an_inappropriate_nickname?": 62683,
  "Posting_a_YouTube_video_in_the_forum": 60254,
  "War_for_Space": 60091,
  "Ads_not_from_this_site?": 58476,
  "How_To_Publish_Videos_from_YouTube_on_the_Forum": 60253,
  "How_To_Start:_Chapter_5": 62497,
  "How_To_Start:_Chapter_3": 64458,
  "How_To_Start:_Chapter_2": 64056,
  "How_To_Start:_Chapter_4": 62493,
  "How_To_Start:_Chapter_6": 62610,
  "Melee-Range_Turrets:_How_to_Choose,_How_to_Use": 64002,
  "Medium-Range_Turrets:_How_to_Choose,_How_to_Use": 64003,
  "Long-Range_Turrets:_How_to_Choose,_How_to_Use": 63674,
  "Medium_Hulls:_How_to_Choose,_How_to_Use": 63983,
  "Light_Hulls:_How_to_Choose,_How_to_Use": 63668,
  "Heavy_Hulls:_How_to_Choose,_How_to_Use": 63683,
  "In_depth:_Chat_moderators": 59234,
  "War:_Domination": 60089,
  "In_depth:_Battles'_Moderators": 59233,
  "In_depth:_Content_helpers": 59235,
  "In_depth:_eSports_Helpers": 59248,
  "In_depth:_Social_Media_moderators": 59246,
  "In_depth:_Wiki_Editors": 59247,
  "In_depth:_Forum_moderators": 59241,
  "In_depth:_Game_Mechanics": 61406,
  "In_depth:_Event_Helpers": 59239,
  "In_depth:_Contest_Organizers": 59237,
  "In_depth:_Reporters": 64014
}
